CODE,NAME,n,CV_raw,n_yoy,mu,CV_yoy
AFG,Afghanistan,24,0.362544723396717,23,0.0636140065380782,0.102769690385679
AGO,Angola,24,0.257040160918261,23,0.044504396000037,0.244084079311095
ALB,Albania,24,0.170245946878152,23,-0.0301411512058533,0.0474409371337565
ARG,Argentina,24,0.172567086066564,23,-0.0302405666015036,0.0644701915482831
ARM,Armenia,24,0.088866753720854,23,-0.000196410778354074,0.0454062987010235
AZE,Azerbaijan,24,0.223455045710891,23,0.00772766832072267,0.0787845037299643
BDI,Burundi,24,0.256826223743035,23,0.0382076936918453,0.0923817551073213
BEN,Benin,24,0.183113055031365,23,0.0275441117799765,0.0781003991486807
BFA,Burkina Faso,24,0.211387212215255,23,0.0364556804362139,0.168223310146014
BGD,Bangladesh,24,0.0887634388110966,23,0.00500149129254925,0.0590187046252685
BGR,Bulgaria,22,0.125022797005186,20,-0.00847609830437497,0.0438793842254158
BIH,Bosnia and Herzegovina,21,0.149934916157613,17,-0.0141502635598522,0.178420144630282
BLR,Belarus,23,0.178399497592396,21,-0.018299723060516,0.0648142681469769
BLZ,Belize,23,0.0966977392663127,21,-0.0133398819217564,0.0639157194410263
BOL,Bolivia (Plurinational State of),24,0.110784212727952,23,-0.0118974638394256,0.057735394170141
BRA,Brazil,24,0.127495396245917,23,-0.0212462134824006,0.0728995197628542
BTN,Bhutan,24,0.113681822771504,23,-0.0163004012141997,0.0633174314669358
BWA,Botswana,24,0.179593870124049,23,0.00378011484787105,0.130784689388254
CAF,Central African Republic,24,0.140823408736572,23,0.0220385015178619,0.199085086005848
CHN,China,23,0.251857896809422,22,-0.00504838441725809,0.107783630768581
CIV,Côte d'Ivoire,24,0.260987151802854,23,0.0244715480195389,0.12487380856847
CMR,Cameroon,24,0.145522882948532,23,0.0305195655438988,0.0989587092773036
COG,Congo,24,0.271790640750566,23,0.0504092643964393,0.117393200207295
COL,Colombia,24,0.14177717714886,23,-0.021034264483706,0.0321023889824688
COM,Comoros,24,0.19330238556211,23,0.00355416051807776,0.198489496834272
CPV,Cabo Verde,21,0.167460558303845,18,-0.0184575096013987,0.113082085564008
CRI,Costa Rica,22,0.109244862886918,20,-0.0155487392447389,0.0538310385961747
CUB,Cuba,23,0.118379542285051,21,-0.0159755333937886,0.0513696426088851
DMA,Dominica,23,0.201784093649555,21,-0.0334414157265271,0.0975685785458479
DOM,Dominican Republic,22,0.07029115454062,19,-0.000103556155482228,0.061951897735871
ECU,Ecuador,24,0.0939299079339637,23,-0.0205336087061523,0.0971510179815587
EGY,Egypt,24,0.12907860194442,23,0.00658150520560419,0.0719361222297052
ERI,Eritrea,24,0.108219342768711,23,0.0144277662182574,0.0837461528006314
ETH,Ethiopia,22,0.161174898422708,19,0.0356649023743466,0.0354364866315341
FJI,Fiji,22,0.100500624186283,20,-0.0136442603954946,0.0980010680958592
GAB,Gabon,24,0.126832633044236,23,0.0216070954104892,0.0366699521722436
GEO,Georgia,24,0.138943122638446,23,-0.0140739174286762,0.0688212239501872
GHA,Ghana,24,0.190158905094435,23,0.023287360328178,0.113689350521167
GIN,Guinea,24,0.13273372440418,23,0.0186118158270756,0.0539750149284382
GMB,Gambia,23,0.127216126768292,21,0.0173305307792038,0.0422756755709229
GNB,Guinea-Bissau,23,0.197863103353843,22,0.0254719619519231,0.258585899335889
GNQ,Equatorial Guinea,24,0.343958564090895,23,0.0224262318968682,0.111610627707149
GTM,Guatemala,24,0.0696395935078661,23,-0.00734166871843069,0.0502324966210077
GUY,Guyana,23,0.0625201229928787,21,-0.00513643010533564,0.0392298575055286
HND,Honduras,24,0.0941338014754393,23,-0.0112866024642796,0.0663116363363788
HTI,Haiti,24,0.111621516402772,23,0.0131815038683166,0.0305574859735355
IDN,Indonesia,24,0.0674295001886807,23,0.00281137710967148,0.0594346872108289
IND,India,23,0.0830868304978347,21,0.0118102697078049,0.0470207802886371
IRN,Iran (Islamic Republic of),24,0.12920989089135,23,-0.00211563018007078,0.0692401550221639
IRQ,Iraq,22,0.12927899472065,20,0.00242661682965402,0.0676238203731694
JAM,Jamaica,24,0.167796975820602,23,-0.0267219500933868,0.0423088160988333
JOR,Jordan,21,0.245720282548682,19,0.0682542620084152,0.216820043887039
KAZ,Kazakhstan,24,0.233966394450875,23,0.0228183946163988,0.129072318006075
KEN,Kenya,24,0.131415200942732,23,0.019762073394866,0.0805943622795464
KGZ,Kyrgyzstan,24,0.179772528413852,23,0.0190561527499342,0.0716247600558516
KHM,Cambodia,24,0.0737674510741186,23,-0.00234726159734446,0.0801859397469556
KIR,Kiribati,21,0.216597670355814,18,0.0100717650356581,0.1326407979594
LBR,Liberia,24,0.182561782043376,23,0.0106540652722148,0.167373037321038
LCA,Saint Lucia,23,0.227853844301097,21,-0.00515186408531511,0.100984622236947
LKA,Sri Lanka,24,0.0950700067067032,23,-0.0109323983069467,0.0496050815816775
LSO,Lesotho,21,0.249406304420329,19,-0.02882801908735,0.174128486014963
MAR,Morocco,20,0.0580070023852696,19,0.00713029228636717,0.0262225521805819
MDA,Republic of Moldova,24,0.131512803531382,23,-0.0208456929740867,0.0528512079848036
MDG,Madagascar,24,0.18642454618063,23,0.0283673012098923,0.15810598050456
MDV,Maldives,24,0.285396302166226,23,-0.0342531903176498,0.235576514067109
MEX,Mexico,24,0.338471405297717,23,-0.0117785819868652,1.12248472974159
MHL,Marshall Islands,22,0.20435527686308,19,-0.00197395440674183,0.175855057630028
MKD,North Macedonia,18,0.101287025223471,16,-0.0162885812279256,0.0644894762229592
MLI,Mali,24,0.266046814483751,23,0.0398572444464495,0.057310208742095
MMR,Myanmar,24,0.243214601700293,23,-0.00937938864458526,0.193535291129813
MNE,Montenegro,17,0.144517221285512,15,0.00728975174322836,0.0643909828128106
MNG,Mongolia,24,0.210361695626824,23,0.0108705627449064,0.0636993839935522
MOZ,Mozambique,24,0.177156808988706,23,0.0253487825610862,0.0669014691063231
MUS,Mauritius,23,0.165851695439123,21,-0.021263599671718,0.0409698982598717
MWI,Malawi,24,0.115255195061292,23,0.0217068346743535,0.0836963440553989
MYS,Malaysia,23,0.0797336473278032,21,-0.0157203907360137,0.0438977821113141
NAM,Namibia,23,0.202646576980108,21,0.0505320294435944,0.110937246303308
NER,Niger,24,0.393802815324413,23,0.0573410552678841,0.274371597341036
NGA,Nigeria,19,0.353274407607498,15,0.0375923515459083,0.103985402526972
NPL,Nepal,24,0.0823133653291398,23,-0.00696971415972932,0.0695986169056166
PAK,Pakistan,24,0.198032403722484,23,0.027658884626685,0.0489484064937804
PAN,Panama,22,0.0854693847497851,20,-0.00579514088379112,0.0951703052408154
PER,Peru,23,0.0925804662183743,21,-0.0162515894321417,0.0614614481352654
PHL,Philippines,23,0.116315478888348,22,-0.00352029794943543,0.0951955504300377
PNG,Papua New Guinea,24,0.247120159711967,23,0.00794912821211276,0.708097046315118
PRY,Paraguay,22,0.0826465176393069,20,-0.00874379105896708,0.03855021523844
ROU,Romania,24,0.146629680820833,23,-0.0242181187441071,0.0513078412432271
RUS,Russian Federation,24,0.143088069441402,23,0.00152113350366797,0.0511000367612023
RWA,Rwanda,24,0.108694778828074,23,0.00781110034401345,0.0823937132091401
SDN,Sudan,23,0.290717384435446,21,0.0492381156212588,0.0876876096815819
SEN,Senegal,23,0.17728480849578,21,0.0187121472704219,0.0713401195397887
SLB,Solomon Islands,23,0.0725345395038941,22,-0.000182900326210196,0.05471555457777
SLE,Sierra Leone,24,0.170903222597924,23,0.00986312061185147,0.162751885864315
SLV,El Salvador,24,0.194232329280124,23,-0.0315997722198134,0.0852602714545582
SOM,Somalia,24,0.277055793487981,23,0.0109791240964731,0.147133617795379
SRB,Serbia,24,0.261150473693885,23,0.0123548389523038,0.563815823124757
SSD,South Sudan,13,0.208667991752055,12,0.0136436263500877,0.12307322192131
STP,Sao Tome and Principe,22,0.0656330791445076,19,0.00606128793669092,0.04338778195158
SWZ,Eswatini,22,0.144074094241991,19,0.00975748353043861,0.120389179254355
SYR,Syrian Arab Republic,24,0.160168267541818,23,-0.00325350400918228,0.0976490350693932
TCD,Chad,24,0.665330934960916,23,0.0794785934488449,0.200358971993563
TGO,Togo,24,0.244610074062778,23,0.0306618972134554,0.0627581136314227
THA,Thailand,9,0.585129602686097,7,-0.0802552696264348,0.0464570972366278
TJK,Tajikistan,24,0.212950896539494,23,0.0205007990129329,0.0755359720045649
TLS,Timor-Leste,22,0.208177244434038,21,0.0208628651297835,0.148864164879684
TUN,Tunisia,24,0.141806943202679,23,-0.00894476884024157,0.0526352425315423
TZA,United Republic of Tanzania,24,0.190378268749879,23,0.0301449586476894,0.0488181080966296
UGA,Uganda,23,0.247799961920449,21,0.0389721275850383,0.0480848415118175
UKR,Ukraine,21,0.283620985826953,18,0.0104726989861922,0.165069336996187
UZB,Uzbekistan,24,0.206412745885155,23,0.0260818703498669,0.0498468722329607
VCT,Saint Vincent and the Grenadines,23,0.171280379869883,21,-0.0174673197261606,0.153339721068419
VEN,Venezuela (Bolivarian Republic of),24,0.129069070338393,23,-0.0169219714047859,0.0603593490747543
VNM,Viet Nam,24,0.0927163179556195,23,-0.0108406144050386,0.0474114800141654
VUT,Vanuatu,20,0.616085193624129,16,0.0211609787497811,0.650312106419951
YEM,Yemen,24,0.192139020395001,23,0.0162906402592837,0.16291115800894
ZAF,South Africa,24,0.0899429920891535,23,-0.00504903287108412,0.109312342635925
ZMB,Zambia,23,0.135361545923922,21,0.0200236000370759,0.0491694712912178
ZWE,Zimbabwe,24,0.165299030340126,23,0.0143243426884714,0.0880502827009518
