CODE,n,best,aic_normal,aic_gamma,aic_lnorm,NAME
AFG,23,lnorm,-32.6710162918951,-33.289183327124,-33.4871549728646,Afghanistan
AGO,23,gamma,5.38046159148322,4.75259521536629,5.42482802185901,Angola
ALB,23,normal,-73.8162160031928,-73.5264674894566,-73.358120405746,Albania
ARG,23,normal,-61.4492784685879,-60.0068338008306,-59.2536902682824,Argentina
ARM,23,lnorm,-73.8430197804576,-73.956656344315,-73.9970574074205,Armenia
AZE,23,normal,-49.3137823944289,-48.6624397308862,-48.2835371819463,Azerbaijan
BDI,23,lnorm,-37.7591243425676,-39.0379219524477,-39.557649769364,Burundi
BEN,23,gamma,-47.587297397355,-47.7835649549834,-47.7731539947417,Benin
BFA,23,lnorm,-9.37034386305697,-11.5947374823292,-12.0675526489851,Burkina Faso
BGD,23,gamma,-61.6835198246662,-61.7413470341915,-61.696588869774,Bangladesh
BGR,20,lnorm,-65.627442698005,-65.6581757043452,-65.6597955646475,Bulgaria
BIH,17,lnorm,-5.33434923031322,-7.2915252508498,-7.87069839687032,Bosnia and Herzegovina
BLR,21,lnorm,-53.0233808704183,-53.1105178696466,-53.1194029426505,Belarus
BLZ,21,normal,-54.689346575294,-53.923080019358,-53.4974278764874,Belize
BOL,23,normal,-64.4057370558969,-63.8141067493854,-63.485205661409,Bolivia (Plurinational State of)
BRA,23,lnorm,-52.1681125326939,-52.9240912603667,-53.1875123017067,Brazil
BTN,23,normal,-60.1288043351499,-59.6884231953078,-59.4423884869569,Bhutan
BWA,23,lnorm,-24.1389133622821,-24.9546882605016,-25.1506661478925,Botswana
CAF,23,gamma,-2.75866961404479,-5.25104108598533,-4.98250391931971,Central African Republic
CHN,22,lnorm,-32.3899790956342,-32.7486173672798,-32.8279709259109,China
CIV,23,normal,-27.2233272978812,-26.8098355609003,-26.3262996232152,Côte d'Ivoire
CMR,23,lnorm,-34.0058714113963,-35.9184837210618,-36.7477373140619,Cameroon
COG,23,lnorm,-26.4133101877798,-27.5490730680929,-27.9748013337008,Congo
COL,23,lnorm,-90.6846711940148,-90.8375880253235,-90.9047362883005,Colombia
COM,23,lnorm,-3.67276141804234,-5.8899213268806,-5.97060490259411,Comoros
CPV,18,normal,-25.3436526121565,-25.2293320464908,-25.0786215097536,Cabo Verde
CRI,20,normal,-58.1505721083665,-57.9074924477722,-57.7664762330547,Costa Rica
CUB,21,lnorm,-62.5410875791695,-62.7169325113167,-62.7858789078381,Cuba
DMA,21,normal,-37.4699878182921,-36.9431672718467,-36.5761052115624,Dominica
DOM,19,lnorm,-48.4651052727314,-48.7296147833786,-48.8046355213598,Dominican Republic
ECU,23,normal,-41.0303677395642,-40.4237920833602,-39.9442407512554,Ecuador
EGY,23,normal,-53.1460614587483,-52.78491719248,-52.5193990425906,Egypt
ERI,23,normal,-46.2414969182709,-45.6405227765169,-45.1659328835587,Eritrea
ETH,19,lnorm,-68.5901544335274,-68.6511249588971,-68.6728518179987,Ethiopia
FJI,20,normal,-35.3135182372105,-34.3422525798532,-33.7251710327287,Fiji
GAB,23,normal,-83.0220362159673,-82.8969665283738,-82.8239812768606,Gabon
GEO,23,lnorm,-55.1406439578574,-55.4177416710411,-55.5058005359292,Georgia
GHA,23,lnorm,-29.3194132846145,-30.5545975811844,-30.6971345330572,Ghana
GIN,23,lnorm,-64.2641333892181,-64.9094469172889,-65.1798396797009,Guinea
GMB,21,lnorm,-69.3609687439667,-69.5121315908436,-69.5701157255767,Gambia
GNB,22,lnorm,19.6420587605117,10.0409386943267,7.01941843623521,Guinea-Bissau
GNQ,23,gamma,-31.5886057019296,-31.7497455725397,-31.5856054924978,Equatorial Guinea
GTM,23,lnorm,-68.8596954176614,-69.4258341630138,-69.6792182317027,Guatemala
GUY,21,normal,-73.7298013127682,-73.6865307880669,-73.6542254615073,Guyana
HND,23,lnorm,-55.3125456465226,-56.5586621190687,-57.0863365196117,Honduras
HTI,23,normal,-93.7127616514996,-92.3136425420547,-91.599565667029,Haiti
IDN,23,normal,-62.0376305843133,-61.691942552717,-61.4742487752474,Indonesia
IND,21,normal,-65.5677875152134,-65.4278984556543,-65.3341006549468,India
IRN,23,lnorm,-54.2298220675811,-54.5777901555445,-54.6765552492391,Iran (Islamic Republic of)
IRQ,20,normal,-50.1662283738284,-48.7003745489803,-47.9230593110829,Iraq
JAM,23,normal,-78.5152046883012,-78.4949190073751,-78.4673783427681,Jamaica
JOR,19,lnorm,13.7591287818576,5.27942651031683,1.39592172116772,Jordan
KAZ,23,gamma,-24.3182744969394,-24.9503455563555,-24.8811635014667,Kazakhstan
KEN,23,normal,-48.2535842728999,-47.2746530636478,-46.6851852612632,Kenya
KGZ,23,normal,-53.823211743722,-52.7853205742198,-52.145099867304,Kyrgyzstan
KHM,23,gamma,-47.9789290056151,-48.0475465662235,-47.9359183855213,Cambodia
KIR,18,lnorm,-15.7848620985316,-17.5707362252954,-18.308461291315,Kiribati
LBR,23,lnorm,-12.036470443513,-13.2964699697584,-13.487520267926,Liberia
LCA,21,lnorm,-30.8143982564639,-32.9999695810913,-33.9426085546738,Saint Lucia
LKA,23,normal,-70.6400023627893,-70.5163029141775,-70.422560299588,Sri Lanka
LSO,19,lnorm,-8.29163440040713,-10.0729971524211,-10.6256270897301,Lesotho
MAR,19,normal,-81.7806391940829,-81.3986907998036,-81.1998096276126,Morocco
MDA,23,normal,-68.3122364421622,-68.0924328449626,-67.9627565518243,Republic of Moldova
MDG,23,gamma,-14.9879831484342,-15.3788466241442,-15.2928487299851,Madagascar
MDV,23,normal,-1.57062936918444,-1.48706381633304,0.170037415006279,Maldives
MEX,23,lnorm,149.811616867986,86.2561595802952,73.0220251073007,Mexico
MHL,19,normal,-9.8837425474191,-9.65325918157326,-9.2302392681247,Marshall Islands
MKD,16,normal,-39.9551753114538,-39.9101768699979,-39.8679211653871,North Macedonia
MLI,23,normal,-62.0095857063071,-61.6508150684529,-61.4445041394227,Mali
MMR,23,normal,-8.66239740967728,-8.57411210427847,-7.72825829130953,Myanmar
MNE,15,lnorm,-35.7651897760424,-36.2891073475802,-36.5314947471656,Montenegro
MNG,23,lnorm,-56.7897035198803,-57.5678365301605,-57.9158699220053,Mongolia
MOZ,23,lnorm,-54.8067638828671,-54.9588455138702,-54.9937542221558,Mozambique
MUS,21,lnorm,-72.1103518098931,-72.3851290826428,-72.5087884089949,Mauritius
MWI,23,lnorm,-43.7315751994004,-44.5474891269539,-44.8584627697252,Malawi
MYS,21,normal,-70.2462675693311,-69.6867354045386,-69.3768736893787,Malaysia
NAM,21,lnorm,-24.2838006796491,-26.6192162485111,-27.6560344349853,Namibia
NER,23,lnorm,14.9108651529933,11.7278960014094,11.3959632814824,Niger
NGA,15,gamma,-21.235078004875,-21.2883412386149,-21.2441090300799,Nigeria
NPL,23,normal,-55.6910371805414,-55.0339877132139,-54.6623117217696,Nepal
PAK,23,normal,-69.5686285979987,-69.3843520456022,-69.2603786761674,Pakistan
PAN,20,normal,-35.2984532615818,-34.8840907150071,-34.583622418165,Panama
PER,21,lnorm,-53.2437716186948,-54.6187900800272,-55.2642385424453,Peru
PHL,22,normal,-39.5360634019682,-38.7516062551455,-38.2252094008629,Philippines
PNG,23,lnorm,99.5131910120847,61.2425100833111,52.7364321997416,Papua New Guinea
PRY,20,lnorm,-70.0218842031281,-70.5831793046347,-70.8498200271495,Paraguay
ROU,23,lnorm,-69.0828137640992,-69.378707371702,-69.4811891100167,Romania
RUS,23,normal,-68.6290855638874,-68.5467561583478,-68.4838687398154,Russian Federation
RWA,23,normal,-48.0507942599287,-46.8788401455713,-46.2192298811067,Rwanda
SDN,21,lnorm,-35.3159933904399,-36.9049031728905,-37.5881103493338,Sudan
SEN,21,normal,-49.4198765388478,-48.2139744826499,-47.5357146511587,Senegal
SLB,22,lnorm,-62.3499978222447,-62.4291825369073,-62.4449114273237,Solomon Islands
SLE,23,normal,-18.3306868628784,-16.2330680549616,-14.8118213451267,Sierra Leone
SLV,23,lnorm,-45.9591644299376,-46.3615622418265,-46.458954988898,El Salvador
SOM,23,lnorm,-17.6587858476916,-19.0230308308529,-19.4012287647648,Somalia
SRB,23,lnorm,74.6061884201574,48.6883705779928,42.4578333444225,Serbia
STP,19,normal,-62.3691196140544,-62.2071873959536,-62.105225176576,Sao Tome and Principe
SWZ,19,lnorm,-20.7641281925879,-22.4867732231555,-23.1838022592617,Eswatini
SYR,23,normal,-42.7733344692431,-40.2627972828682,-38.9141523447214,Syrian Arab Republic
TCD,23,lnorm,0.181081770541133,-1.51660476993528,-2.04685713298865,Chad
TGO,23,normal,-58.3734784490892,-57.9518336304361,-57.6902715276623,Togo
TJK,23,lnorm,-46.8623719241718,-48.7724005861112,-49.6329104040122,Tajikistan
TLS,21,lnorm,-14.5714146326407,-16.1307156638699,-16.5512181430159,Timor-Leste
TUN,23,normal,-68.4127509760826,-67.8892209219908,-67.6036685588901,Tunisia
TZA,23,lnorm,-68.647739000214,-69.0817332221925,-69.2686324142142,United Republic of Tanzania
UGA,21,lnorm,-62.8932827260848,-63.1512268992457,-63.2534541609811,Uganda
UKR,18,lnorm,-5.18116800548159,-8.93842752622948,-10.4200751789896,Ukraine
UZB,23,normal,-68.9838837459444,-68.6700912979875,-68.4962302688759,Uzbekistan
VCT,21,lnorm,-14.7724376492849,-16.584246978014,-16.916978116965,Saint Vincent and the Grenadines
VEN,23,normal,-62.6557844576588,-62.0324690431563,-61.6718424390944,Venezuela (Bolivarian Republic of)
VNM,23,normal,-72.899824049631,-72.6544345040797,-72.4988669941789,Viet Nam
VUT,16,lnorm,49.0910450089803,37.0481083955094,35.2808762807841,Vanuatu
YEM,23,lnorm,-12.435079626186,-14.2856253225391,-14.4711609639257,Yemen
ZAF,23,gamma,-33.5611599510631,-33.8355442730234,-33.8065879498585,South Africa
ZMB,21,lnorm,-62.7547429679461,-63.0086134535033,-63.1124425634193,Zambia
ZWE,23,normal,-44.2497666250452,-43.4030441687644,-42.8652709825362,Zimbabwe
