CODE,n,p_star,ss_normal,ss_gamma,ss_lnorm,NAME,best,diff_gamma_vs_normal,diff_lnorm_vs_normal
YEM,23,0.241179980423428,-11.5515777642411,-11.567180229852,-11.7171632493609,Yemen,lnorm,-0.0156024656109093,-0.165585485119824
BEN,23,0.221507797064235,-5.86608548420876,-5.92517848153644,-5.96583381803163,Benin,gamma,-0.0590929973276815,-0.0997483338228697
MAR,19,0.0230923722958173,-5.00975254635132,-4.98840612837954,-4.99220646384038,Morocco,normal,0.0213464179717793,0.0175460825109441
IRQ,20,0.269516740903949,-3.81999528917616,-4.05130180310479,-4.17628602025565,Iraq,normal,-0.231306513928631,-0.35629073107949
MKD,16,0.289484138172553,-3.44869819817342,-3.54375841288076,-3.59362788903814,North Macedonia,normal,-0.0950602147073432,-0.144929690864726
UZB,23,0.53590013818725,0.434152970887514,0.359086606071224,0.32097761824077,Uzbekistan,normal,-0.0750663648162897,-0.113175352646744
COL,23,0.579795805408335,0.63495801547131,0.60224963771649,0.584654672823337,Colombia,lnorm,-0.0327083777548198,-0.0503033426479727
LKA,23,0.552846517017859,0.640758347605974,0.566159752064643,0.528255530184874,Sri Lanka,normal,-0.0745985955413309,-0.112502817421101
MDA,23,0.58854151623963,1.14650563614969,1.0677893019748,1.0284465177016,Republic of Moldova,normal,-0.0787163341748887,-0.118059118448088
ETH,19,0.664533726746485,1.46774696314087,1.43247828165538,1.41587575598188,Ethiopia,lnorm,-0.0352686814854897,-0.0518712071589933
GTM,23,0.61677379081445,1.48362175785892,1.39239946100698,1.34752127368769,Guatemala,lnorm,-0.0912222968519449,-0.136100484171231
UGA,21,0.628477873383896,1.54988369231797,1.47474363399212,1.43849564367136,Uganda,lnorm,-0.075140058325851,-0.11138804864661
KGZ,23,0.608711300373957,1.85943389694134,1.75555406256178,1.70209384503568,Kyrgyzstan,normal,-0.103879834379561,-0.157340051905663
BLR,21,0.630625830463692,2.11013821784403,1.98930762921639,1.92783920328892,Belarus,lnorm,-0.120830588627641,-0.18229901455511
HTI,23,0.776786629405582,2.17235443218091,2.23117703937226,2.25587325368501,Haiti,normal,0.0588226071913445,0.0835188215041027
RUS,23,0.68977463790745,2.46404034595176,2.40621239173227,2.3778570329094,Russian Federation,normal,-0.0578279542194915,-0.0861833130423539
BOL,23,0.708308237226172,3.03076913801801,2.99665207669098,2.98103798426825,Bolivia (Plurinational State of),normal,-0.0341170613270325,-0.0497311537497547
AFG,23,0.624924248433779,3.24142463553514,2.89906097201902,2.73219785798937,Afghanistan,lnorm,-0.342363663516121,-0.509226777545768
MOZ,23,0.699867617869792,3.43530886171819,3.32202077105004,3.26687789918203,Mozambique,lnorm,-0.113288090668151,-0.168430962536159
GIN,23,0.780978296252958,4.17019329887143,4.06947582532877,4.03366078267666,Guinea,lnorm,-0.100717473542655,-0.136532516194765
TZA,23,0.81274518274797,4.29272175394952,4.23698969433386,4.21236192983232,United Republic of Tanzania,lnorm,-0.0557320596156652,-0.0803598241172043
BRA,23,0.72845423198333,4.42168445440281,4.24583309102411,4.16618098807158,Brazil,lnorm,-0.175851363378698,-0.255503466331231
GEO,23,0.746355818944525,4.48835509092429,4.38061892007753,4.32749372586536,Georgia,lnorm,-0.107736170846762,-0.160861365058929
SEN,21,0.770197337714662,4.91105023503577,4.98531618439411,5.02842650894066,Senegal,normal,0.074265949358332,0.11737627390489
ZMB,21,0.855256310308513,5.12028970296099,5.09847302391595,5.09307123393414,Zambia,lnorm,-0.0218166790450391,-0.0272184690268462
AZE,23,0.770294200652007,5.55799722957933,5.55187118274694,5.55229278225395,Azerbaijan,normal,-0.00612604683238871,-0.00570444732537201
ROU,23,0.870722671366152,5.71150040507302,5.70277916208639,5.70004237175654,Romania,lnorm,-0.00872124298663124,-0.0114580333164804
ECU,23,0.751834799110833,6.28503627511818,6.21931487092422,6.19668737466481,Ecuador,normal,-0.0657214041939636,-0.0883489004533722
MYS,21,0.953343722390153,7.03563483145193,7.23910292479768,7.35546244634595,Malaysia,normal,0.203468093345749,0.319827614894019
NPL,23,0.863572148351683,7.28213877361839,7.42539691753481,7.50008159833409,Nepal,normal,0.143258143916425,0.2179428247157
MDG,23,0.684892717085534,7.4054278122675,6.76392342993724,6.44814056041287,Madagascar,gamma,-0.64150438233026,-0.957287251854622
GAB,23,0.981962261623064,7.48025674913486,7.62586940350341,7.73780760706839,Gabon,normal,0.145612654368543,0.257550857933531
SLV,23,0.817667824165926,7.61504177139611,7.51615337868532,7.47779078770419,El Salvador,lnorm,-0.0988883927107942,-0.137250983691928
PAK,23,0.947659324499707,7.70698294462024,7.85902501208178,7.95351951420977,Pakistan,normal,0.152042067461533,0.246536569589528
VNM,23,0.954262220342984,7.74940008309806,7.93045120592955,8.02374268909592,Viet Nam,normal,0.181051122831488,0.274342605997858
IND,21,0.961709330880718,8.07257088313122,8.25311829814122,8.35128268394261,India,normal,0.180547415009992,0.278711800811383
BGD,23,0.932010720175809,8.59404290926917,8.72434477823043,8.80564392972152,Bangladesh,gamma,0.130301868961258,0.211601020452346
SLE,23,0.741118836051569,9.42472161019878,9.4421262286486,9.44867897647446,Sierra Leone,normal,0.0174046184498113,0.0239573662756722
KAZ,23,0.77565928493692,9.60511716817209,9.27287858551196,9.16278727409634,Kazakhstan,gamma,-0.332238582660137,-0.442329894075755
ZWE,23,0.876622147744792,9.6437027478643,9.91737399409953,10.0798695893572,Zimbabwe,normal,0.273671246235228,0.436166841492902
ARG,23,0.954571850257507,10.1451824099461,10.7153312596189,11.0298052454746,Argentina,normal,0.570148849672792,0.884622835528527
CMR,23,0.848857205836581,10.5455816700735,10.153244827585,9.98270957539087,Cameroon,lnorm,-0.392336842488493,-0.562872094682598
PER,21,0.955547383797474,10.6868820541773,10.5883969084912,10.5435772796914,Peru,lnorm,-0.0984851456860873,-0.143304774485873
KEN,23,0.92263302461725,10.8078194369412,11.2599445803797,11.5228127244995,Kenya,normal,0.452125143438531,0.714993287558308
ERI,23,0.912581517276529,10.8207150981312,11.1604655096674,11.3799285264892,Eritrea,normal,0.339750411536155,0.559213428357985
LBR,23,0.751888522630414,11.3418626695919,10.602796442714,10.2948309141137,Liberia,lnorm,-0.739066226877849,-1.04703175547818
CIV,23,0.830682470001335,11.3772409584839,11.4675570143728,11.5612181941718,Côte d'Ivoire,normal,0.0903160558888736,0.183977235687905
MNG,23,0.963243556341167,11.4031270894714,11.5187271572232,11.5778281066131,Mongolia,lnorm,0.115600067751798,0.174701017141677
KHM,23,0.955046273093207,13.2467264244221,13.6259887123537,13.8739595084874,Cambodia,gamma,0.379262287931635,0.627233084065292
NGA,15,0.910754582262761,13.4523085563126,13.7242793613725,13.8957900328897,Nigeria,gamma,0.27197080505983,0.443481476577047
IDN,23,0.994291489897369,14.5012586201509,15.2118301986241,15.6450999510673,Indonesia,normal,0.710571578473273,1.14384133091647
GHA,23,0.899683004377521,14.5714581593238,14.4823243790107,14.5812447516559,Ghana,lnorm,-0.0891337803130785,0.00978659233206081
PAN,20,0.94848765845953,14.7927375365049,15.4406528913622,15.827420561188,Panama,normal,0.647915354857242,1.03468302468308
SOM,23,0.860929176338173,16.0393174859151,15.7486047889477,15.6856004029236,Somalia,lnorm,-0.290712696967386,-0.353717082991432
COG,23,0.919851906977783,16.5658578272877,16.6357098830403,16.7208428562696,Congo,lnorm,0.0698520557526727,0.154985028981994
LSO,19,0.827977762473258,16.8034547811599,16.0100238255014,15.7201074128863,Lesotho,lnorm,-0.793430955658558,-1.08334736827367
CHN,22,0.955602750481173,17.9998257840556,18.5963239331393,18.9655040024345,China,lnorm,0.596498149083732,0.965678218378851
TLS,21,0.891416244045323,18.5933210485084,18.3589241537042,18.3803338197476,Timor-Leste,lnorm,-0.234396894804178,-0.212987228760795
GNQ,23,0.959389675509385,18.9199201027976,19.7030201709554,20.2465733217398,Equatorial Guinea,gamma,0.783100068157715,1.32665321894212
NAM,21,0.958149801404636,20.1665614250336,19.942360834862,19.8886436242606,Namibia,lnorm,-0.224200590171606,-0.277917800772997
KIR,18,0.930602563411522,20.2912568804901,20.0584256443115,20.0222838660847,Kiribati,lnorm,-0.232831236178587,-0.268973014405336
PHL,22,0.988635102017549,20.4780415427654,22.0719253000798,23.0646268772511,Philippines,normal,1.59388375731437,2.58658533448568
SWZ,19,0.956322994251496,21.1977748908233,21.2295428625673,21.343303836857,Eswatini,lnorm,0.0317679717440669,0.145528946033725
BWA,23,0.962199269683252,23.0420556911125,23.9015239509293,24.4942919215478,Botswana,lnorm,0.859468259816751,1.45223623043529
ZAF,23,0.985486735202139,23.3312746705212,24.6894487337593,25.568627894212,South Africa,gamma,1.35817406323813,2.23735322369081
TCD,23,0.877012685925313,23.4012686386911,23.158317738508,23.1390805221215,Chad,lnorm,-0.242950900183139,-0.262188116569575
CAF,23,0.889227498204441,24.5199272820452,23.9952556744037,24.4908970820465,Central African Republic,gamma,-0.524671607641579,-0.0290301999987115
GNB,22,0.822611148053497,30.0395494717386,24.1037976573628,22.3689338435674,Guinea-Bissau,lnorm,-5.93575181437582,-7.67061562817113
MMR,23,0.962927566855125,32.5570427737608,35.3630594170278,37.7250762717316,Myanmar,normal,2.80601664326696,5.1680334979708
UKR,18,0.971964618085107,34.9590450248238,34.14866378515,34.1261027015694,Ukraine,lnorm,-0.810381239673809,-0.832942323254457
MHL,19,0.987362574970207,37.1067859406317,41.4118313140067,44.5242235722898,Marshall Islands,normal,4.30504537337504,7.41743763165808
AGO,23,0.967126165951538,42.6982110172945,46.9746930403691,50.799798220266,Angola,gamma,4.2764820230746,8.10158720297152
MEX,23,0.645807127400314,93.8917294470439,-3.00678232730707,-17.4681826348368,Mexico,lnorm,-96.898511774351,-111.359912081881
PNG,23,0.975319386527101,274.783752418427,194.791114032099,206.897354352619,Papua New Guinea,lnorm,-79.9926383863278,-67.8863980658081
