who_region,variable,mid_cf,mid_sq,mid_av,lo_cf,lo_sq,lo_av,hi_cf,hi_sq,hi_av,sq_txt,cf_txt,av_txt
AFR,rslt_att,155691.887904221,70260.7438008557,85431.144103365,104839.183026772,48976.0543031479,55224.4501871731,215355.284408025,93549.1109385281,124761.155827527,"  70,300 (49,000 to 93,500)"," 156,000 (105,000 to 215,000)","  85,400 (55,200 to 125,000)"
AFR,rslt_att_cost,47.2945260793481,21.1064780094783,26.1880480698698,31.1717260381961,14.2142704441699,16.5185046020964,67.5496321185526,29.4736312915085,39.3677655808924,     21 (14 to 29),     47 (31 to 68),     26 (17 to 39)
AFR,rslt_attm,8892.64272159288,2389.64562045662,6502.99710113625,5148.96325794244,1569.96626745719,3395.98938247608,15135.6603573071,3424.18828017011,12104.9099530065,"   2,390 (1,570 to 3,420)","   8,890 (5,150 to 15,100)","   6,500 (3,400 to 12,100)"
AFR,rslt_attm_cost,2.97625724407143,0.783360621064678,2.19289662300675,1.69043518974774,0.501437367742075,1.13460394138927,5.16838474757078,1.16323339633951,4.17599419246325,      0.78 (0.5 to 1.2),      3 (1.7 to 5.2),      2.2 (1.1 to 4.2)
AFR,rslt_attn,146799.245182628,67871.0981803991,78928.1470022287,98705.0851860397,47312.2778230283,50725.5287805333,203111.361770836,90284.098772465,115520.194154368,"  67,900 (47,300 to 90,300)"," 147,000 (98,700 to 203,000)","  78,900 (50,700 to 116,000)"
AFR,rslt_bcg_cost,0,251.112578697518,-251.112578697518,0,200.353167944784,-313.757848828857,0,313.757848828857,-200.353167944784,    251 (200 to 314),      0 (0 to 0),   -251 (-314 to -200)
AFR,rslt_bcg_doses,0,137.074463995,-137.074463995,0,137.074463995,-137.074463995,0,137.074463995,-137.074463995,    137 (137 to 137),      0 (0 to 0),   -137 (-137 to -137)
AFR,rslt_cost,47.2945260793481,253.736664953217,-206.442138873869,31.1717260381961,205.214658018691,-267.764805329992,67.5496321185526,314.375440461314,-156.240469135481,    254 (205 to 314),     47 (31 to 68),   -206 (-268 to -156)
AFR,rslt_health,4189.66348466144,4191.7814578081,-2.11797314665197,4188.50160114653,4191.26146298851,-2.84210405260731,4190.73558506643,4192.26315753543,-1.4952562685679,"   4,190 (4,190 to 4,190)","   4,190 (4,190 to 4,190)",     -2.1 (-2.8 to -1.5)
AFR,rslt_hosp_tbm,8892.64272159288,2389.64562045662,6502.99710113625,5148.96325794244,1569.96626745719,3395.98938247608,15135.6603573071,3424.18828017011,12104.9099530065,"   2,390 (1,570 to 3,420)","   8,890 (5,150 to 15,100)","   6,500 (3,400 to 12,100)"
AFR,rslt_inc,296878.179063169,136761.172320606,160117.006742562,213087.315764262,99465.4223640067,111780.291275133,389798.701073258,177041.158145263,217272.705004567," 137,000 (99,500 to 177,000)"," 297,000 (213,000 to 390,000)"," 160,000 (112,000 to 217,000)"
AFR,rslt_ly_tb,3.95901674500286,1.83261279078345,2.12640395421941,2.81204505860887,1.32337814578673,1.45276041489697,5.25771321575329,2.38312545442583,2.96109587863551,      1.8 (1.3 to 2.4),      4 (2.8 to 5.3),      2.1 (1.5 to 3)
AFR,rslt_ly_tbm,0.099686976615452,0.0266353654396165,0.0730516111758356,0.0575336438764648,0.0175436021367427,0.0379646215330533,0.170218266561589,0.0381567783808232,0.137430610737746,      0.027 (0.018 to 0.038),      0.1 (0.058 to 0.17),      0.073 (0.038 to 0.14)
AFR,rslt_ly_tbn,3859329.76838741,1805977.42534383,2053352.34304357,2740619.43307095,1304838.65348089,1399032.47881799,5116652.28625952,2347913.76170811,2863678.57908727,"1,810,000 (1,300,000 to 2,350,000)","3,860,000 (2,740,000 to 5,120,000)","2,050,000 (1,400,000 to 2,860,000)"
AFR,rslt_tb_deaths,70409.8586970302,32045.7818515366,38364.0768454936,50873.9999972327,23136.6122431842,27376.6586436369,91908.5343228392,41750.1351707911,51308.2832059898,"  32,000 (23,100 to 41,800)","  70,400 (50,900 to 91,900)","  38,400 (27,400 to 51,300)"
AFR,rslt_tb_seq,225927.441469463,104517.665565786,121409.775903676,160034.546282803,75168.9732141214,83002.9101319915,300033.341441142,135898.525548502,168785.169328879," 105,000 (75,200 to 136,000)"," 226,000 (160,000 to 300,000)"," 121,000 (83,000 to 169,000)"
AFR,rslt_tbm_deaths,9378.07192683241,2712.89955980884,6665.17236702357,6197.55986154041,1883.76108045862,4138.83490121406,13791.3185268727,3719.53032807361,10466.4967479079,"   2,710 (1,880 to 3,720)","   9,380 (6,200 to 13,800)","   6,670 (4,140 to 10,500)"
AFR,rslt_tbminc,16612.101824807,4651.5412137268,11960.5606110802,10700.9127894731,3221.77935258304,7113.08968156996,25579.8581354962,6387.50550964107,19752.035318917,"   4,650 (3,220 to 6,390)","  16,600 (10,700 to 25,600)","  12,000 (7,110 to 19,800)"
AFR,rslt_tbmseq,7188.34679131947,1931.94453438796,5256.40225693151,4154.52112867681,1270.04346429382,2750.38529916295,12217.3693420662,2762.6828932262,9825.2835875808,"   1,930 (1,270 to 2,760)","   7,190 (4,150 to 12,200)","   5,260 (2,750 to 9,830)"
AFR,rslt_tbmsev_seq,2398.22195089742,644.119505958353,1754.10244493907,1271.60309290989,386.947692297309,845.292334789706,4365.5591373266,1002.44024924013,3488.45261508854,"    644 (387 to 1,000)","   2,400 (1,270 to 4,370)","   1,750 (845 to 3,490)"
AFR,rslt_tbn_deaths,61031.7867701978,29332.8822917278,31698.90447847,43917.2664501233,21156.8313020134,22430.1429771992,79666.045517132,38306.6713881571,42585.3897858967,"  29,300 (21,200 to 38,300)","  61,000 (43,900 to 79,700)","  31,700 (22,400 to 42,600)"
AMR,rslt_att,8695.82619837817,4159.04081597459,4536.78538240358,6406.23115633096,3115.01178715774,3188.1533953846,11176.8682491983,5237.52631085635,6127.45053956037,"   4,160 (3,120 to 5,240)","   8,700 (6,410 to 11,200)","   4,540 (3,190 to 6,130)"
AMR,rslt_att_cost,15.6420941617377,7.04075894170336,8.60133522003434,9.83525017075187,4.51282359004042,5.16063154386201,23.3352335294744,10.2970903689423,13.4367543773078,      7 (4.5 to 10),     16 (9.8 to 23),      8.6 (5.2 to 13)
AMR,rslt_attm,458.709593471291,141.327582129384,317.382011341907,292.805087529584,97.5115004105515,183.797528799493,694.280438353919,195.203417879329,514.875911159676,    141 (98 to 195),    459 (293 to 694),    317 (184 to 515)
AMR,rslt_attm_cost,0.967253232650294,0.250051325755727,0.717201906894567,0.494126524550328,0.149078839451927,0.323019083192434,1.87400691924121,0.3980496766518,1.5275925195949,      0.25 (0.15 to 0.4),      0.97 (0.49 to 1.9),      0.72 (0.32 to 1.5)
AMR,rslt_attn,8237.11660490688,4017.71323384521,4219.40337106168,6039.15915646376,3012.57637120289,2938.6846212712,10600.1913106374,5065.0029013578,5742.18885527696,"   4,020 (3,010 to 5,070)","   8,240 (6,040 to 10,600)","   4,220 (2,940 to 5,740)"
AMR,rslt_bcg_cost,0,113.439683724157,-113.439683724157,0,75.6109882391824,-167.703797918906,0,167.703797918906,-75.6109882391824,    113 (76 to 168),      0 (0 to 0),   -113 (-168 to -76)
AMR,rslt_bcg_doses,0,37.79819129,-37.79819129,0,37.79819129,-37.79819129,0,37.79819129,-37.79819129,     38 (38 to 38),      0 (0 to 0),    -38 (-38 to -38)
AMR,rslt_cost,15.6420941617377,116.409891127695,-100.767796965957,9.83525017075187,78.8713483714085,-154.622858848649,23.3352335294744,170.363315038935,-62.8603899524231,    116 (79 to 170),     16 (9.8 to 23),   -101 (-155 to -63)
AMR,rslt_health,1253.03232425335,1253.15386611415,-0.121541860803373,1252.93541365015,1253.1151169917,-0.185857968613608,1253.11136957931,1253.18797335759,-0.0754625969305083,"   1,250 (1,250 to 1,250)","   1,250 (1,250 to 1,250)",     -0.12 (-0.19 to -0.075)
AMR,rslt_hosp_tbm,458.709593471291,141.327582129384,317.382011341907,292.805087529584,97.5115004105515,183.797528799493,694.280438353919,195.203417879329,514.875911159676,    141 (98 to 195),    459 (293 to 694),    317 (184 to 515)
AMR,rslt_inc,17112.1299504995,8032.83923877836,9079.29071172115,11737.660072879,5673.48070657303,5915.36520860362,23439.1368437214,10623.2073750783,13311.3692332818,"   8,030 (5,670 to 10,600)","  17,100 (11,700 to 23,400)","   9,080 (5,920 to 13,300)"
AMR,rslt_ly_tb,0.244500915755289,0.11651910074242,0.127981815012869,0.171289852515118,0.0840030934782295,0.0854037277038385,0.327323961791974,0.151630131247658,0.182112637778167,      0.12 (0.084 to 0.15),      0.24 (0.17 to 0.33),      0.13 (0.085 to 0.18)
AMR,rslt_ly_tbm,0.00554036289396505,0.0017005098686631,0.00383985302530195,0.00351807531495298,0.00116781420715078,0.00222381015482765,0.00841900527622472,0.00234710845027431,0.00625311239960856,      0.0017 (0.00117 to 0.00235),      0.00554 (0.00352 to 0.00842),      0.00384 (0.00222 to 0.00625)
AMR,rslt_ly_tbn,238960.552861324,114818.590873757,124141.961987567,167096.064071224,82766.0314632321,82376.5717274019,320417.902655214,149584.535798297,177732.285757902," 115,000 (82,800 to 150,000)"," 239,000 (167,000 to 320,000)"," 124,000 (82,400 to 178,000)"
AMR,rslt_tb_deaths,4097.80875716521,1832.58279345423,2265.22596371098,2348.33879882337,1088.49967252874,1234.58528100875,6351.59073938038,2692.35908035783,3783.87299027692,"   1,830 (1,090 to 2,690)","   4,100 (2,350 to 6,350)","   2,270 (1,230 to 3,780)"
AMR,rslt_tb_seq,12830.543242406,6109.32802958792,6721.21521281812,8999.30898041475,4403.10168620568,4502.89202696804,17144.6803671932,7937.93629887601,9518.93115359209,"   6,110 (4,400 to 7,940)","  12,800 (9,000 to 17,100)","   6,720 (4,500 to 9,520)"
AMR,rslt_tbm_deaths,530.874652564673,155.558080415166,375.316572149506,280.857323304831,92.0978637234924,176.420408438046,951.144357763953,243.500117795781,727.07218078908,    156 (92 to 244),    531 (281 to 951),    375 (176 to 727)
AMR,rslt_tbminc,910.531283954787,272.869776197193,637.661507757594,545.773631682679,180.144786342193,346.479873742645,1456.26149390144,391.062582072936,1099.44067073902,    273 (180 to 391),"    911 (546 to 1,460)","    638 (346 to 1,100)"
AMR,rslt_tbmseq,370.83429764191,114.235411688691,256.598885953219,236.174387867514,78.3558863166214,148.453250405864,561.600176178108,158.087633496819,416.356269216541,    114 (78 to 158),    371 (236 to 562),    257 (148 to 416)
AMR,rslt_tbmsev_seq,123.631535200936,38.0778702354286,85.5536649655069,71.1638637892306,23.0251488666802,45.3016076233867,202.845172401411,58.9497856128955,149.229904062569,     38 (23 to 59),    124 (71 to 203),     86 (45 to 149)
AMR,rslt_tbn_deaths,3566.93410460053,1677.02471303906,1889.90939156147,2031.14535705129,991.219415407737,1014.95360490794,5580.96418801327,2479.00833346599,3213.41786591385,"   1,680 (991 to 2,480)","   3,570 (2,030 to 5,580)","   1,890 (1,010 to 3,210)"
EMR,rslt_att,94356.6019552118,38965.6386282352,55390.9633269766,24131.4177593244,11914.9981189208,11617.4414392156,192501.892402939,70385.0830876902,128886.37789356,"  39,000 (11,900 to 70,400)","  94,400 (24,100 to 193,000)","  55,400 (11,600 to 129,000)"
EMR,rslt_att_cost,10.4763846198513,4.55883207418992,5.91755254566133,4.49770057487261,2.16715105220554,2.21284419024674,19.2026320509802,7.59642494419982,12.3440291849975,      4.6 (2.2 to 7.6),     10 (4.5 to 19),      5.9 (2.2 to 12)
EMR,rslt_attm,6471.5267701925,1329.31352998278,5142.21324020972,1098.62625643134,381.086857039987,587.897527049976,21605.3421250172,2851.9557669259,19507.9462955618,"   1,330 (381 to 2,850)","   6,470 (1,100 to 21,600)","   5,140 (588 to 19,500)"
EMR,rslt_attm_cost,0.876857694965596,0.191001170090231,0.685856524875365,0.250644339356813,0.0796824414756322,0.145679481766022,2.52528898047128,0.36995764127831,2.21934205699848,      0.19 (0.08 to 0.37),      0.88 (0.25 to 2.5),      0.69 (0.15 to 2.2)
EMR,rslt_attn,87885.0751850193,37636.3250982524,50248.7500867669,22275.6419969163,11484.0177860216,10366.3152716606,181062.937707153,67980.4680356349,119534.941994457,"  37,600 (11,500 to 68,000)","  87,900 (22,300 to 181,000)","  50,200 (10,400 to 120,000)"
EMR,rslt_bcg_cost,0,217.429136717277,-217.429136717277,0,134.193140186759,-330.931203677293,0,330.931203677293,-134.193140186759,    217 (134 to 331),      0 (0 to 0),   -217 (-331 to -134)
EMR,rslt_bcg_doses,0,73.407307255,-73.407307255,0,73.407307255,-73.407307255,0,73.407307255,-73.407307255,     73 (73 to 73),      0 (0 to 0),    -73 (-73 to -73)
EMR,rslt_cost,10.4763846198513,220.750400583635,-210.274015963783,4.49770057487261,137.653851751604,-323.889862509383,19.2026320509802,333.790005215429,-127.345109495324,    221 (138 to 334),     10 (4.5 to 19),   -210 (-324 to -127)
EMR,rslt_health,2368.10265330175,2369.08488706129,-0.982233759540518,2366.4247837152,2368.55729277575,-2.23551141081773,2369.30300522878,2369.54044829125,-0.226473824599929,"   2,370 (2,370 to 2,370)","   2,370 (2,370 to 2,370)",     -0.98 (-2.2 to -0.23)
EMR,rslt_hosp_tbm,6471.5267701925,1329.31352998278,5142.21324020972,1098.62625643134,381.086857039987,587.897527049976,21605.3421250172,2851.9557669259,19507.9462955618,"   1,330 (381 to 2,850)","   6,470 (1,100 to 21,600)","   5,140 (588 to 19,500)"
EMR,rslt_inc,140707.277691845,60276.7460849743,80430.5316068711,40683.6134654858,21571.8350999308,18221.974384723,279468.785351585,105128.678935003,184452.344972831,"  60,300 (21,600 to 105,000)"," 141,000 (40,700 to 279,000)","  80,400 (18,200 to 184,000)"
EMR,rslt_ly_tb,2.09552085266552,0.898175619513729,1.19734523315179,0.573493461270574,0.303020608003127,0.262291570484577,4.20926099843824,1.593107998833,2.78259068490797,      0.9 (0.3 to 1.6),      2.1 (0.57 to 4.2),      1.2 (0.26 to 2.8)
EMR,rslt_ly_tbm,0.0748364637447319,0.015328394218553,0.059508069526179,0.0126939573604937,0.00438845464990079,0.00680505525679261,0.250483430215526,0.0329971188352272,0.226842690950832,      0.015 (0.00439 to 0.033),      0.075 (0.013 to 0.25),      0.06 (0.00681 to 0.23)
EMR,rslt_ly_tbn,2020684.38892079,882847.225295176,1137837.16362562,555661.897294912,298848.3177108,246410.927820844,4074436.49240791,1563749.17245907,2687140.6437614," 883,000 (299,000 to 1,560,000)","2,020,000 (556,000 to 4,070,000)","1,140,000 (246,000 to 2,690,000)"
EMR,rslt_tb_deaths,24814.8769420327,10642.4439364687,14172.433005564,8058.92780909253,4461.93260408335,3474.15795488907,48956.3357626944,18046.1646773344,32496.5417094798,"  10,600 (4,460 to 18,000)","  24,800 (8,060 to 49,000)","  14,200 (3,470 to 32,500)"
EMR,rslt_tb_seq,115344.218012925,49330.3888218648,66013.8291910607,31661.9237529515,16768.3199400142,14488.2491664983,231267.832112989,87245.2566032368,153249.883043735,"  49,300 (16,800 to 87,200)"," 115,000 (31,700 to 231,000)","  66,000 (14,500 to 153,000)"
EMR,rslt_tbm_deaths,4183.52388439283,972.158615918898,3211.36526847393,893.725889841353,368.710625740879,442.247108735247,13404.1495440538,1908.81645929474,11888.3200907293,"    972 (369 to 1,910)","   4,180 (894 to 13,400)","   3,210 (442 to 11,900)"
EMR,rslt_tbminc,9430.03678246077,2055.59119405495,7374.44558840582,1818.1574005655,696.548569654604,941.845409350757,30918.3662749674,4215.11520590237,27667.6028551561,"   2,060 (697 to 4,220)","   9,430 (1,820 to 30,900)","   7,370 (942 to 27,700)"
EMR,rslt_tbmseq,5222.46857721875,1073.10895928163,4149.35961793712,887.098828574729,308.232870832373,473.586885444197,17476.7994620683,2304.54823320836,15832.5228535971,"   1,070 (308 to 2,300)","   5,220 (887 to 17,500)","   4,150 (474 to 15,800)"
EMR,rslt_tbmsev_seq,1749.8049361289,359.262803207437,1390.54213292146,262.030761059294,89.3018502246532,141.697300556295,6420.97725107518,914.78738202654,5708.96949916526,    359 (89 to 915),"   1,750 (262 to 6,420)","   1,390 (142 to 5,710)"
EMR,rslt_tbn_deaths,20631.3530576399,9670.28532054984,10961.06773709,6974.06289087751,4066.31690686446,2813.54100974244,40544.4890169429,16525.7364594628,25428.554418884,"   9,670 (4,070 to 16,500)","  20,600 (6,970 to 40,500)","  11,000 (2,810 to 25,400)"
EUR,rslt_att,4755.35938076872,1810.28505422977,2945.07432653896,2652.56750382308,1053.08287397219,1559.92684770384,7450.10622786874,2648.72560647883,5021.73616085184,"   1,810 (1,050 to 2,650)","   4,760 (2,650 to 7,450)","   2,950 (1,560 to 5,020)"
EUR,rslt_att_cost,17.0014431849035,6.46585969060605,10.5355834942974,6.61016239421619,2.55599404800031,3.93549970903683,38.1052915491648,13.8410963606553,25.0924423236559,      6.5 (2.6 to 14),     17 (6.6 to 38),     11 (3.9 to 25)
EUR,rslt_attm,365.609472123355,61.4537460743348,304.15572604902,147.711240293304,33.1890374437925,107.083623281174,861.410565829391,100.069835710084,782.097377326528,     61 (33 to 100),    366 (148 to 861),    304 (107 to 782)
EUR,rslt_attm_cost,1.41173185256747,0.249016805868852,1.16271504669862,0.398784957802054,0.0866791414485681,0.288749478599499,4.46567638303114,0.617531983205588,3.95685196994778,      0.25 (0.087 to 0.62),      1.4 (0.4 to 4.5),      1.2 (0.29 to 4)
EUR,rslt_attn,4389.74990864537,1748.83130815543,2640.91860048994,2451.93194022148,1016.60818102719,1374.1316285068,6939.18448105854,2562.444521063,4566.92063867732,"   1,750 (1,020 to 2,560)","   4,390 (2,450 to 6,940)","   2,640 (1,370 to 4,570)"
EUR,rslt_bcg_cost,0,83.3129117740075,-83.3129117740075,0,58.0175510383425,-118.918117240615,0,118.918117240615,-58.0175510383425,     83 (58 to 119),      0 (0 to 0),    -83 (-119 to -58)
EUR,rslt_bcg_doses,0,20.610963785,-20.610963785,0,20.610963785,-20.610963785,0,20.610963785,-20.610963785,     21 (21 to 21),      0 (0 to 0),    -21 (-21 to -21)
EUR,rslt_cost,17.0014431849035,83.0992344955535,-66.0977913106501,6.61016239421619,57.5022732865221,-102.697088884685,38.1052915491648,118.964707407474,-37.4333469936192,     83 (58 to 119),     17 (6.6 to 38),    -66 (-103 to -37)
EUR,rslt_health,565.578673489015,565.671273352601,-0.092599863585379,565.50571567227,565.647277763685,-0.147173336240821,565.637377969114,565.692966996524,-0.0539306693140072,    566 (566 to 566),    566 (566 to 566),     -0.093 (-0.15 to -0.054)
EUR,rslt_hosp_tbm,365.609472123355,61.4537460743348,304.15572604902,147.711240293304,33.1890374437925,107.083623281174,861.410565829391,100.069835710084,782.097377326528,     61 (33 to 100),    366 (148 to 861),    304 (107 to 782)
EUR,rslt_inc,10931.5581990262,4251.17925529278,6680.37894373346,6784.21637368684,2703.6073186555,3954.59503160921,16040.9599010141,5959.85041757131,10514.7852914657,"   4,250 (2,700 to 5,960)","  10,900 (6,780 to 16,000)","   6,680 (3,950 to 10,500)"
EUR,rslt_ly_tb,0.144044903495471,0.0572520802157012,0.08679282327977,0.0877326774908611,0.0357916974382141,0.0498486680709373,0.214549314609411,0.0808473762541251,0.138875408651242,      0.057 (0.036 to 0.081),      0.14 (0.088 to 0.21),      0.087 (0.05 to 0.14)
EUR,rslt_ly_tbm,0.00434486010378216,0.000730926176979024,0.00361393392680314,0.00176011729019409,0.000396954820439998,0.00127546668331238,0.0102205600288486,0.00118445012839395,0.00924943408661732,      0.000731 (0.000397 to 0.00118),      0.00434 (0.00176 to 0.01),      0.00361 (0.00128 to 0.00925)
EUR,rslt_ly_tbn,139700.043391689,56521.1540387221,83178.8893529669,84993.1503464179,35320.5923760834,47117.2508244139,208087.227060279,79824.1481225906,133425.221466807,"  56,500 (35,300 to 79,800)"," 140,000 (85,000 to 208,000)","  83,200 (47,100 to 133,000)"
EUR,rslt_tb_deaths,2986.00605404093,1115.97797281539,1870.02808122555,1730.74396906791,658.962841965186,1040.68135162125,4589.29967666369,1627.26952584933,3042.9055453114,"   1,120 (659 to 1,630)","   2,990 (1,730 to 4,590)","   1,870 (1,040 to 3,040)"
EUR,rslt_tb_seq,7695.90931081002,3044.07972826722,4651.8295825428,4681.54512674072,1901.79363834813,2679.65226653513,11463.4061285262,4299.94881841899,7440.95721057484,"   3,040 (1,900 to 4,300)","   7,700 (4,680 to 11,500)","   4,650 (2,680 to 7,440)"
EUR,rslt_tbm_deaths,503.272584574833,91.6775340909942,411.595050483839,229.477011429219,51.3424425975491,165.43480826213,1113.03564503442,142.878513094632,993.687025561909,     92 (51 to 143),"    503 (229 to 1,110)",    412 (165 to 994)
EUR,rslt_tbminc,819.62109587284,144.495634454855,675.125461417985,383.720245181917,85.8842088719149,280.701116227892,1762.46432047923,217.579622186012,1600.33888362234,    144 (86 to 218),"    820 (384 to 1,760)","    675 (281 to 1,600)"
EUR,rslt_tbmseq,295.598501510087,49.7178374994815,245.880664010605,119.428819702405,26.9663697611551,86.5493178155964,696.58832150926,80.6493775519182,630.135679756057,     50 (27 to 81),    296 (119 to 697),    246 (87 to 630)
EUR,rslt_tbmsev_seq,98.3305365350589,16.5851943976665,81.7453421373924,35.9902077532375,7.94424169649569,26.4195241060845,245.906290190021,30.2958801582963,222.230919535862,     17 (7.9 to 30),     98 (36 to 246),     82 (26 to 222)
EUR,rslt_tbn_deaths,2482.7334694661,1024.30043872439,1458.43303074171,1431.20620021911,601.405403775467,789.661473477275,3811.55377714815,1497.82723701229,2392.77977106371,"   1,020 (601 to 1,500)","   2,480 (1,430 to 3,810)","   1,460 (790 to 2,390)"
SEA,rslt_att,296660.67292242,128578.437906732,168082.235015688,195060.858832942,89366.4304634294,97191.8391126821,419463.778476449,166663.892661666,265239.68389656," 129,000 (89,400 to 167,000)"," 297,000 (195,000 to 419,000)"," 168,000 (97,200 to 265,000)"
SEA,rslt_att_cost,79.1904824448609,34.075352894199,45.115129550662,47.8968897968772,21.7791916614471,24.1175034756466,121.522074418396,48.817787836292,76.2667224673361,     34 (22 to 49),     79 (48 to 122),     45 (24 to 76)
SEA,rslt_attm,16853.4174658871,4359.68944074175,12493.7280251453,7528.6922153762,2453.32961212589,4341.74869430688,32096.9141381159,6909.91347525735,26101.8379855071,"   4,360 (2,450 to 6,910)","  16,900 (7,530 to 32,100)","  12,500 (4,340 to 26,100)"
SEA,rslt_attm_cost,5.32162003075466,1.37525693369865,3.94636309705601,2.14726117504155,0.717437426846394,1.23704338915325,10.8144644114466,2.33568695601122,8.7784888155416,      1.4 (0.72 to 2.3),      5.3 (2.1 to 11),      3.9 (1.2 to 8.8)
SEA,rslt_attn,279807.255456533,124218.74846599,155588.506990543,182907.463014344,86233.8718384526,87558.9724736006,398846.965189172,160961.004972878,248512.038144144," 124,000 (86,200 to 161,000)"," 280,000 (183,000 to 399,000)"," 156,000 (87,600 to 249,000)"
SEA,rslt_bcg_cost,0,230.801058247777,-230.801058247777,0,115.67784912117,-431.211918087392,0,431.211918087392,-115.67784912117,    231 (116 to 431),      0 (0 to 0),   -231 (-431 to -116)
SEA,rslt_bcg_doses,0,149.22069199,-149.22069199,0,149.22069199,-149.22069199,0,149.22069199,-149.22069199,    149 (149 to 149),      0 (0 to 0),   -149 (-149 to -149)
SEA,rslt_cost,79.1904824448609,264.505800352667,-185.315317907806,47.8968897968772,148.353575010905,-389.13544954148,121.522074418396,462.948860888216,-65.2727360005957,    265 (148 to 463),     79 (48 to 122),   -185 (-389 to -65)
SEA,rslt_health,4547.75719989617,4553.42939472119,-5.67219482501808,4543.59790475012,4552.07345331703,-8.8684591935514,4551.23899070529,4554.77950752605,-3.29788300434974,"   4,550 (4,550 to 4,550)","   4,550 (4,540 to 4,550)",     -5.7 (-8.9 to -3.3)
SEA,rslt_hosp_tbm,16853.4174658871,4359.68944074175,12493.7280251453,7528.6922153762,2453.32961212589,4341.74869430688,32096.9141381159,6909.91347525735,26101.8379855071,"   4,360 (2,450 to 6,910)","  16,900 (7,530 to 32,100)","  12,500 (4,340 to 26,100)"
SEA,rslt_inc,696073.735402815,298304.460924628,397769.274478187,453004.048384131,203609.847848315,232588.377816789,983335.448248532,393267.116356819,621154.0379157," 298,000 (204,000 to 393,000)"," 696,000 (453,000 to 983,000)"," 398,000 (233,000 to 621,000)"
SEA,rslt_ly_tb,9.29668840096127,4.05903563058762,5.23765277037364,6.08644969544345,2.8044122528423,3.03338194310209,13.1076454376835,5.34627585284205,8.19662562127436,      4.1 (2.8 to 5.3),      9.3 (6.1 to 13),      5.2 (3 to 8.2)
SEA,rslt_ly_tbm,0.19905024764665,0.0514167518222705,0.147633495824379,0.0893614252651577,0.0289844957671975,0.0512502429788457,0.378508767323109,0.0819275255988802,0.309534666747871,      0.051 (0.029 to 0.082),      0.2 (0.089 to 0.38),      0.15 (0.051 to 0.31)
SEA,rslt_ly_tbn,9097638.15331461,4007618.87876535,5090019.27454926,5936067.2561541,2768480.35123777,2911401.36978078,12864892.0164818,5283060.74627816,8013996.06162826,"4,010,000 (2,770,000 to 5,280,000)","9,100,000 (5,940,000 to 12,900,000)","5,090,000 (2,910,000 to 8,010,000)"
SEA,rslt_tb_deaths,196486.755827638,80590.4339180306,115896.321909608,121095.575805267,51702.1029807601,65348.7946328044,288785.952009904,111062.327995621,186857.140831501,"  80,600 (51,700 to 111,000)"," 196,000 (121,000 to 289,000)"," 116,000 (65,300 to 187,000)"
SEA,rslt_tb_seq,499586.979575177,217714.027006597,281872.95256858,327438.492201632,150408.911221263,163990.653852768,702705.694996046,286689.794143559,441131.604691644," 218,000 (150,000 to 287,000)"," 500,000 (327,000 to 703,000)"," 282,000 (164,000 to 441,000)"
SEA,rslt_tbm_deaths,27131.0676025133,6586.15838056406,20544.9092219492,11948.2275118977,3685.87660359501,7430.84402961681,52419.1874711988,10503.7454892227,43464.801112641,"   6,590 (3,690 to 10,500)","  27,100 (11,900 to 52,400)","  20,500 (7,430 to 43,500)"
SEA,rslt_tbminc,40770.0954782997,10113.8053869821,30656.2900913176,18547.7923225561,5820.00867504613,11214.3287612593,76088.9589835751,15779.9601937138,62341.4533960311,"  10,100 (5,820 to 15,800)","  40,800 (18,500 to 76,100)","  30,700 (11,200 to 62,300)"
SEA,rslt_tbmseq,13639.0278757864,3527.64700641806,10111.3808693684,6117.95054805229,1987.81006077632,3515.39569908273,25943.4986100249,5624.66858562823,21203.8030028672,"   3,530 (1,990 to 5,620)","  13,600 (6,120 to 25,900)","  10,100 (3,520 to 21,200)"
SEA,rslt_tbmsev_seq,4546.53823021395,1176.48138880007,3370.05684141388,1606.95224411264,493.377943180972,986.693710157111,9897.40066318164,2257.75084187036,7972.95985305507,"   1,180 (493 to 2,260)","   4,550 (1,610 to 9,900)","   3,370 (987 to 7,970)"
SEA,rslt_tbn_deaths,169355.688225125,74004.2755374665,95351.4126876585,102700.859180437,47448.1498011222,51879.1705847846,250795.411595268,102409.55903031,156673.968570716,"  74,000 (47,400 to 102,000)"," 169,000 (103,000 to 251,000)","  95,400 (51,900 to 157,000)"
WPR,rslt_att,75981.5936018553,32923.131968661,43058.4616331944,18986.4352910471,9336.71442952938,9375.89410115684,161548.884986045,63932.6366258215,103143.312460948,"  32,900 (9,340 to 63,900)","  76,000 (19,000 to 162,000)","  43,100 (9,380 to 103,000)"
WPR,rslt_att_cost,24.454118751325,10.4585600481717,13.9955587031534,10.291481478324,4.72110481124177,5.41136134004124,45.5449015573783,18.3762642223119,28.3894055146074,     10 (4.7 to 18),     24 (10 to 46),     14 (5.4 to 28)
WPR,rslt_attm,4568.36103787615,1117.09329108489,3451.26774679125,989.58387970866,297.369808414202,589.259686301887,12874.7713797735,2531.48857238026,10879.5976545195,"   1,120 (297 to 2,530)","   4,570 (990 to 12,900)","   3,450 (589 to 10,900)"
WPR,rslt_attm_cost,1.73252435797794,0.38737596815498,1.34514838982296,0.570112857544497,0.160785435159636,0.362538932327404,4.19529423287894,0.752620171701478,3.55967185129576,      0.39 (0.16 to 0.75),      1.7 (0.57 to 4.2),      1.3 (0.36 to 3.6)
WPR,rslt_attn,71413.2325639792,31806.0386775761,39607.1938864031,17782.880088422,9032.26597026404,8601.99164331124,152317.643795286,61746.0732361846,95739.557725518,"  31,800 (9,030 to 61,700)","  71,400 (17,800 to 152,000)","  39,600 (8,600 to 95,700)"
WPR,rslt_bcg_cost,0,173.770116453744,-173.770116453744,0,66.6971789229125,-369.974510275212,0,369.974510275212,-66.6971789229125,    174 (67 to 370),      0 (0 to 0),   -174 (-370 to -67)
WPR,rslt_bcg_doses,0,78.06491809,-78.06491809,0,78.06491809,-78.06491809,0,78.06491809,-78.06491809,     78 (78 to 78),      0 (0 to 0),    -78 (-78 to -78)
WPR,rslt_cost,24.454118751325,184.031552249993,-159.577433498668,10.291481478324,76.6278500282383,-356.215231092724,45.5449015573783,380.864813601345,-51.7089005756733,    184 (77 to 381),     24 (10 to 46),   -160 (-356 to -52)
WPR,rslt_health,2232.29786276938,2233.50913896872,-1.21127619934006,2231.01673996024,2233.07368587634,-2.15492945774061,2233.23567280483,2233.85758375208,-0.58816371429225,"   2,230 (2,230 to 2,230)","   2,230 (2,230 to 2,230)",     -1.2 (-2.2 to -0.59)
WPR,rslt_hosp_tbm,4568.36103787615,1117.09329108489,3451.26774679125,989.58387970866,297.369808414202,589.259686301887,12874.7713797735,2531.48857238026,10879.5976545195,"   1,120 (297 to 2,530)","   4,570 (990 to 12,900)","   3,450 (589 to 10,900)"
WPR,rslt_inc,148037.205023466,60644.1723106878,87393.0327127784,70819.4801704181,30185.9914700111,38613.7166178918,257587.172629852,99424.9320982206,165626.632645162,"  60,600 (30,200 to 99,400)"," 148,000 (70,800 to 258,000)","  87,400 (38,600 to 166,000)"
WPR,rslt_ly_tb,2.05591466927347,0.873729257965851,1.18218541130762,0.868538185221442,0.38902831948318,0.453584751594007,3.7908224027564,1.49966013331038,2.38858501566932,      0.87 (0.39 to 1.5),      2.1 (0.87 to 3.8),      1.2 (0.45 to 2.4)
WPR,rslt_ly_tbm,0.0533419946248321,0.0129835078715305,0.0403584867533015,0.0116419334925327,0.00346508922579188,0.00700762974888203,0.150337859194574,0.0294653771990563,0.127529819222328,      0.013 (0.00347 to 0.029),      0.053 (0.012 to 0.15),      0.04 (0.00701 to 0.13)
WPR,rslt_ly_tbn,2002572.67464864,860745.750094321,1141826.92455432,853492.698893942,385259.458094483,441064.307039364,3695234.74033418,1475163.5458638,2325699.41415639," 861,000 (385,000 to 1,480,000)","2,000,000 (853,000 to 3,700,000)","1,140,000 (441,000 to 2,330,000)"
WPR,rslt_tb_deaths,37056.0251008494,13514.8655730065,23541.1595278429,21640.0071343394,8574.8217858968,12472.7954486141,57584.2514453572,19253.674501042,40678.8091060302,"  13,500 (8,570 to 19,300)","  37,100 (21,600 to 57,600)","  23,500 (12,500 to 40,700)"
WPR,rslt_tb_seq,110975.570987877,47127.3033455772,63848.2676422995,46153.602302564,20681.4425475806,24129.2264931402,206205.697550368,81258.0496180206,130028.803360638,"  47,100 (20,700 to 81,300)"," 111,000 (46,200 to 206,000)","  63,800 (24,100 to 130,000)"
WPR,rslt_tbm_deaths,6640.02030922424,1154.86957703787,5485.15073218637,2362.90296120223,632.136752394885,1550.29081238741,17768.8226874687,1900.43761071588,16329.2296288064,"   1,150 (632 to 1,900)","   6,640 (2,360 to 17,800)","   5,490 (1,550 to 16,300)"
WPR,rslt_tbminc,10334.6952831764,2057.38533321942,8277.30994995699,3603.03267976427,937.553565440487,2341.42956698907,24845.4535398152,3836.96632135107,21915.1403969805,"   2,060 (938 to 3,840)","  10,300 (3,600 to 24,800)","   8,280 (2,340 to 21,900)"
WPR,rslt_tbmseq,3694.15332391328,902.447523477275,2791.705800436,801.905506044818,241.316165704065,481.750298357868,10414.4944585102,2047.87291300983,8846.12645051031,"    902 (241 to 2,050)","   3,690 (802 to 10,400)","   2,790 (482 to 8,850)"
WPR,rslt_tbmsev_seq,1230.28245333754,300.31950427191,929.962949065632,242.79593276416,72.0000588606674,147.033843523603,3888.10209975222,786.312086328628,3232.07647352381,    300 (72 to 786),"   1,230 (243 to 3,890)","    930 (147 to 3,230)"
WPR,rslt_tbn_deaths,30416.0047916252,12359.9959959687,18056.0087956565,17465.449518191,7865.75777017078,8781.23406379346,47377.838700882,17624.4775868828,31658.701631201,"  12,400 (7,870 to 17,600)","  30,400 (17,500 to 47,400)","  18,100 (8,780 to 31,700)"
